Sophia Melo,+55 (77) 7130-7774,Luiza13@hotmail.com,Tue Jul 12 2022 06:06:21 GMT-0300 (Horário Padrão de Brasília)
Rafael Moreira,(48) 02752-2349,Deneval41@hotmail.com,Mon Nov 15 2021 23:03:34 GMT-0300 (Horário Padrão de Brasília)
Yuri Macedo,(94) 94840-8794,Bencio73@yahoo.com,Sat May 21 2022 07:33:32 GMT-0300 (Horário Padrão de Brasília)
Lara Braga,+55 (20) 2378-8486,Paula_Franco3@hotmail.com,Mon Apr 04 2022 21:46:56 GMT-0300 (Horário Padrão de Brasília)
Sr. Eduardo Xavier,(75) 75377-4860,Giovanna_Carvalho48@live.com,Sun May 15 2022 13:39:40 GMT-0300 (Horário Padrão de Brasília)
Felipe Saraiva,(39) 70456-8675,Sarah67@live.com,Wed Dec 22 2021 18:22:36 GMT-0300 (Horário Padrão de Brasília)
Maria Júlia Xavier,(71) 53598-0662,DaviLucca_Costa66@yahoo.com,Sun Aug 07 2022 12:37:25 GMT-0300 (Horário Padrão de Brasília)
Ana Laura Albuquerque,(13) 09808-2977,AnaJlia_Oliveira@bol.com.br,Fri Sep 10 2021 22:55:48 GMT-0300 (Horário Padrão de Brasília)
Pietro Braga,(02) 3093-9230,Lvia41@hotmail.com,Wed May 11 2022 08:54:12 GMT-0300 (Horário Padrão de Brasília)
Morgana Martins Filho,(14) 15300-2873,MariaLuiza.Carvalho88@hotmail.com,Thu Nov 25 2021 01:37:52 GMT-0300 (Horário Padrão de Brasília)
